"Timestamp","How is the speed of base walking control? (left analog)","How is the speed of base turning control? (right analog)","How is the speed of the grapple shot before they latch?","Did aiming feel intuitive and correspond to your wrist angle or did it feel off?","Is the nature of the reeling control input satisfactory to use or should it be changed?","Were you able to travel in the desired direction when reeling?","If you answered no to the last question please elaborate on why you felt this way.","Were you able to stop when you wanted to while reeling?","If you answered no to the last question please check any that you feel applied to your experience.","Please elaborate if you have additional comments on why you felt you could not stop when wanting to.","Did you feel that the reeling control promoted freedom of movement or restricted freedom of movement?

(freedom of movement meaning ones ability to move freely about a 3d space in any desired direction)","Please elaborate on what factors contributed to this sense of promoted/restricted free movement?","Regardless of freedom of movement, did you feel that the movement was precise in the sense that you could land where you desired to after attempting a movement? ","If the movement did not feel precise to you, which of the following could be changed to make the movement more precise?","Additional comments or suggestions"
"2022/09/25 8:27:05 PM MDT","Too slow","Just right","Too slow","It felt off but I could account for the offset and aim somewhat accurately","Yes I prefer that a light press shoots the grapple and a full press reels in towards it","Yes","","No","I could not stop due to momentum/inertia and overshot the desired location","I think the best way for me to stop is to grapple to the ground when I am above where I am trying to go but I can only grapple on buildings","It promoted free movement","I was able move wherever I reeled toward so I feel this provided me freedom of movement","It was not precise, I struggled to land where I desired","I'm not sure what it needs, but it's not satisfactory with the current level of control","if grappling to the ground is fixed it will make landing easier"
"2022/09/25 8:35:44 PM MDT","Just right","Just right","Too slow","It felt off but I could account for the offset and aim somewhat accurately","Yes I prefer that a light press shoots the grapple and a full press reels in towards it","Yes","","No","I could not stop due to momentum/inertia and overshot the desired location;I could not stop as there are no additional controls to reeling","The reeling is too overpowering and hard to stop","It promoted free movement","Yes it did give me freedom to move around but not in a valuable way","It was not precise, I struggled to land where I desired","Additional control options along with reeling","this feels like a good start for your system but more control is needed to have a usable application in my opinion"
"2022/09/25 9:18:53 PM MDT","Too slow","Just right","Just right","It felt off but I could account for the offset and aim somewhat accurately","I have no preference for how the reeling is controlled","No","Sometimes one of the grapples would not hold onto anything and when I reeled in I would be thrown in a random direction","No","I could not stop due to momentum/inertia and overshot the desired location;I could not stop as there are no additional controls to reeling","The reel pulls the player too fast to be able to stop at a specific spot","It neither promoted or restricted free movement","I think the grapples do allow for me to move freely but it is also restricting it self as well since I am thrown about once in a while instead of moving towards my grapple","It was not precise, I struggled to land where I desired","Additional control options along with reeling",""